game,return
2,0.0
3,0.0
4,-0.125
5,-0.19999999999999996
6,-0.1071428571428571
7,-0.52
8,0.0
9,0.0
10,-0.5833333333333333
