game,return
2,-0.11111111111111116
3,-0.125
4,-0.1428571428571429
5,-0.16666666666666663
6,-0.19999999999999996
7,-0.25
8,-0.33333333333333337
9,-0.5
10,-0.6
