game,return
2,-0.05555555555555558
3,0.0
4,-0.05882352941176472
5,-0.25
6,-0.33333333333333337
7,-0.25
8,-0.33333333333333337
9,-0.25
10,-0.33333333333333337
