game,return
2,0.0
3,0.0
4,0.0
5,0.05882352941176472
6,0.0
7,0.0
8,0.0
9,-0.11111111111111116
10,-0.25
