game,return
2,-0.125
3,-0.1428571428571429
4,-0.16666666666666663
5,-0.19999999999999996
6,-0.25
7,-0.33333333333333337
8,-0.19999999999999996
9,-0.25
10,-0.33333333333333337
