game,return
2,0.33333333333333326
3,0.25
4,0.19999999999999996
5,0.16666666666666674
6,0.2857142857142858
7,0.11111111111111116
8,0.19999999999999996
9,0.16666666666666674
10,0.0714285714285714
