game,return
2,-0.09999999999999998
3,-0.05555555555555558
4,0.0
5,0.0
6,-0.11764705882352944
7,0.0
8,-0.1333333333333333
9,-0.23076923076923073
10,-0.19999999999999996
