game,return
2,-0.09999999999999998
3,-0.11111111111111116
4,-0.125
5,-0.1428571428571429
6,-0.16666666666666663
7,-0.19999999999999996
8,-0.25
9,-0.33333333333333337
10,-0.5
