game,return
2,0.0
3,0.0
4,0.19999999999999996
5,0.11111111111111116
6,0.25
7,0.1200000000000001
8,0.1428571428571428
9,0.0
10,0.25
