game,return
2,0.16666666666666674
3,0.2857142857142858
4,0.11111111111111116
5,0.19999999999999996
6,0.33333333333333326
7,0.25
8,0.10000000000000009
9,0.018181818181818077
10,0.25
