game,return
2,0.16666666666666674
3,0.0714285714285714
4,0.19999999999999996
5,0.11111111111111116
6,0.10000000000000009
7,0.09090909090909083
8,0.06666666666666665
9,0.25
10,0.125
