game,return
2,-0.05555555555555558
3,-0.05882352941176472
4,-0.0625
5,-0.06666666666666665
6,-0.0714285714285714
7,-0.07692307692307687
8,-0.08333333333333337
9,-0.09090909090909094
10,-0.09999999999999998
